site_name,state,annual_streamflow_mm,mean_baseflow,ws_area_sqkm,site_elevation,median_ws_elevation,mean_annual_precip,mean_winter_temp,mean_aridity_index,soil_sand_content,mean_soil_organic_matter,mean_soil_permeability,percent_urban,percent_forested,percent_wetland,percent_s_facing
"NORTH FORK SAND RUN NEAR WILSON, MD",MD,803.8353576731093,39.614449083318206,4.9581,76414,83539,1266.4200983614485,-2.372699133932591,1.37717829589771,41.82250123190124,1.303378045629989,200.89233244990973,0.290433835541841,81.86603739335632,0.544563441640951,0.5309493555999281
"MCMILLAN F NEAR FORT PENDLETON, MD",MD,678.9315520090183,39.29596940276552,6.1182,74648,83724,1263.880431473698,-2.371318578816972,1.3717012467122,41.822501231901285,1.30337804562999,205.5321715338927,0.113362618676491,78.06433328609891,0.269236219356667,0.505738982570497
"SAVAGE RIVER NEAR BARTON, MD",MD,579.7443871918667,40.80065267459406,124.6505,49774,76598,1124.2423221122715,-2.552113653712903,1.139357904932559,43.405653181501094,1.1508375801718,222.52039706668955,0.413697502653295,82.81747492906496,0.087360205621377,0.391597536586598
"BEAR CREEK AT FRIENDSVILLE, MD",MD,662.4107242193846,39.76889221704945,127.3991,47537,75185,1239.723373308781,-2.502545217445975,1.279705257746815,41.860664886530806,1.306619041304782,185.98907368165877,0.554515593543602,69.37802422915269,0.151873697594744,0.35605552219828296
"CASSELMAN RIVER AT GRANTSVILLE, MD",MD,698.060095635571,40.67298314058798,161.4825,63729,79230,1197.3356164955749,-2.754092652056662,1.223926212632492,45.950956574683616,1.52661627503771,204.75853709796652,0.931661573657076,73.88308365613621,0.340946139351373,0.3489973310051
